date,currency_code,currency_name,rate_to_cad,daily_change_pct,rolling_5d_avg,change_from_start_pct
2025-01-02,USD,US Dollar,1.4418,,,0.0
2025-01-03,USD,US Dollar,1.4442,0.1665,,0.1665
2025-01-06,USD,US Dollar,1.4348,-0.6509,,-0.4855
2025-01-07,USD,US Dollar,1.434,-0.0558,,-0.541
2025-01-08,USD,US Dollar,1.439,0.3487,1.43876,-0.1942
2025-01-09,USD,US Dollar,1.4395,0.0347,1.4383,-0.1595
2025-01-10,USD,US Dollar,1.4422,0.1876,1.4379,0.0277
2025-01-13,USD,US Dollar,1.4411,-0.0763,1.43916,-0.0486
2025-01-14,USD,US Dollar,1.4371,-0.2776,1.43978,-0.326
2025-01-15,USD,US Dollar,1.4334,-0.2575,1.43866,-0.5826
2025-01-16,USD,US Dollar,1.4388,0.3767,1.43852,-0.2081
2025-01-17,USD,US Dollar,1.4435,0.3267,1.43878,0.1179
2025-01-20,USD,US Dollar,1.433,-0.7274,1.43716,-0.6103
2025-01-21,USD,US Dollar,1.4366,0.2512,1.43706,-0.3607
2025-01-22,USD,US Dollar,1.4369,0.0209,1.43776,-0.3399
2025-01-23,USD,US Dollar,1.4371,0.0139,1.43742,-0.326
2025-01-24,USD,US Dollar,1.4336,-0.2435,1.43544,-0.5687
2025-01-27,USD,US Dollar,1.4381,0.3139,1.43646,-0.2566
2025-01-28,USD,US Dollar,1.4394,0.0904,1.43702,-0.1665
2025-01-29,USD,US Dollar,1.4435,0.2848,1.43834,0.1179
2025-01-30,USD,US Dollar,1.4414,-0.1455,1.4392,-0.0277
2025-01-31,USD,US Dollar,1.4484,0.4856,1.44216,0.4578
2025-02-03,USD,US Dollar,1.4603,0.8216,1.4466,1.2831
2025-02-04,USD,US Dollar,1.4345,-1.7668,1.44562,-0.5063
2025-02-05,USD,US Dollar,1.4295,-0.3486,1.44282,-0.8531
2025-02-06,USD,US Dollar,1.4322,0.1889,1.44098,-0.6658
2025-02-07,USD,US Dollar,1.4298,-0.1676,1.43726,-0.8323
2025-02-10,USD,US Dollar,1.4323,0.1748,1.43166,-0.6589
2025-02-11,USD,US Dollar,1.4307,-0.1117,1.4309,-0.7699
2025-02-12,USD,US Dollar,1.4298,-0.0629,1.43096,-0.8323
2025-02-13,USD,US Dollar,1.4242,-0.3917,1.42936,-1.2207
2025-02-14,USD,US Dollar,1.4166,-0.5336,1.42672,-1.7478
2025-02-18,USD,US Dollar,1.4193,0.1906,1.42412,-1.5605
2025-02-19,USD,US Dollar,1.4223,0.2114,1.42244,-1.3525
2025-02-20,USD,US Dollar,1.4188,-0.2461,1.42024,-1.5952
2025-02-21,USD,US Dollar,1.4207,0.1339,1.41954,-1.4634
2025-02-24,USD,US Dollar,1.4225,0.1267,1.42072,-1.3386
2025-02-25,USD,US Dollar,1.4287,0.4359,1.4226,-0.9086
2025-02-26,USD,US Dollar,1.4339,0.364,1.42492,-0.5479
2025-02-27,USD,US Dollar,1.4422,0.5788,1.4296,0.0277
2025-02-28,USD,US Dollar,1.4438,0.1109,1.43422,0.1387
2025-03-03,USD,US Dollar,1.4428,-0.0693,1.43828,0.0694
2025-03-04,USD,US Dollar,1.4489,0.4228,1.44232,0.4924
2025-03-05,USD,US Dollar,1.437,-0.8213,1.44294,-0.3329
2025-03-06,USD,US Dollar,1.4309,-0.4245,1.44068,-0.756
2025-03-07,USD,US Dollar,1.4371,0.4333,1.43934,-0.326
2025-03-10,USD,US Dollar,1.4431,0.4175,1.4394,0.0902
2025-03-11,USD,US Dollar,1.4451,0.1386,1.43864,0.2289
2025-03-12,USD,US Dollar,1.4391,-0.4152,1.43906,-0.1873
2025-03-13,USD,US Dollar,1.4409,0.1251,1.44106,-0.0624
2025-03-14,USD,US Dollar,1.4388,-0.1457,1.4414,-0.2081
2025-03-17,USD,US Dollar,1.4304,-0.5838,1.43886,-0.7907
2025-03-18,USD,US Dollar,1.4301,-0.021,1.43586,-0.8115
2025-03-19,USD,US Dollar,1.4326,0.1748,1.43456,-0.6381
2025-01-02,EUR,Euro,1.4816,,,0.0
2025-01-03,EUR,Euro,1.487,0.3645,,0.3645
2025-01-06,EUR,Euro,1.4909,0.2623,,0.6277
2025-01-07,EUR,Euro,1.4871,-0.2549,,0.3712
2025-01-08,EUR,Euro,1.4829,-0.2824,1.4859,0.0877
2025-01-09,EUR,Euro,1.4829,0.0,1.48616,0.0877
2025-01-10,EUR,Euro,1.4779,-0.3372,1.48434,-0.2497
2025-01-13,EUR,Euro,1.4714,-0.4398,1.48044,-0.6884
2025-01-14,EUR,Euro,1.4778,0.435,1.47858,-0.2565
2025-01-15,EUR,Euro,1.4767,-0.0744,1.47734,-0.3307
2025-01-16,EUR,Euro,1.4812,0.3047,1.477,-0.027
2025-01-17,EUR,Euro,1.485,0.2565,1.47842,0.2295
2025-01-20,EUR,Euro,1.4896,0.3098,1.48206,0.54
2025-01-21,EUR,Euro,1.4951,0.3692,1.48552,0.9112
2025-01-22,EUR,Euro,1.4973,0.1471,1.48964,1.0597
2025-01-23,EUR,Euro,1.4968,-0.0334,1.49276,1.0259
2025-01-24,EUR,Euro,1.5048,0.5345,1.49672,1.5659
2025-01-27,EUR,Euro,1.5098,0.3323,1.50076,1.9033
2025-01-28,EUR,Euro,1.5013,-0.563,1.502,1.3296
2025-01-29,EUR,Euro,1.5027,0.0933,1.50308,1.4241
2025-01-30,EUR,Euro,1.5027,0.0,1.50426,1.4241
2025-01-31,EUR,Euro,1.5042,0.0998,1.50414,1.5254
2025-02-03,EUR,Euro,1.5018,-0.1596,1.50254,1.3634
2025-02-04,EUR,Euro,1.4876,-0.9455,1.4998,0.405
2025-02-05,EUR,Euro,1.4889,0.0874,1.49704,0.4927
2025-02-06,EUR,Euro,1.4859,-0.2015,1.49368,0.2902
2025-02-07,EUR,Euro,1.4792,-0.4509,1.48868,-0.162
2025-02-10,EUR,Euro,1.477,-0.1487,1.48372,-0.3105
2025-02-11,EUR,Euro,1.4797,0.1828,1.48214,-0.1282
2025-02-12,EUR,Euro,1.4837,0.2703,1.4811,0.1417
2025-02-13,EUR,Euro,1.4843,0.0404,1.48078,0.1822
2025-02-14,EUR,Euro,1.4873,0.2021,1.4824,0.3847
2025-02-18,EUR,Euro,1.4831,-0.2824,1.48362,0.1012
2025-02-19,EUR,Euro,1.4824,-0.0472,1.48416,0.054
2025-02-20,EUR,Euro,1.4864,0.2698,1.4847,0.324
2025-02-21,EUR,Euro,1.4865,0.0067,1.48514,0.3307
2025-02-24,EUR,Euro,1.4897,0.2153,1.48562,0.5467
2025-02-25,EUR,Euro,1.5007,0.7384,1.48914,1.2891
2025-02-26,EUR,Euro,1.5047,0.2665,1.4936,1.5591
2025-02-27,EUR,Euro,1.5026,-0.1396,1.49684,1.4174
2025-02-28,EUR,Euro,1.5007,-0.1264,1.49968,1.2891
2025-03-03,EUR,Euro,1.5128,0.8063,1.5043,2.1058
2025-03-04,EUR,Euro,1.5292,1.0841,1.51,3.2127
2025-03-05,EUR,Euro,1.5467,1.1444,1.5184,4.3939
2025-03-06,EUR,Euro,1.5467,0.0,1.52722,4.3939
2025-03-07,EUR,Euro,1.5591,0.8017,1.5389,5.2308
2025-03-10,EUR,Euro,1.5637,0.295,1.54908,5.5413
2025-03-11,EUR,Euro,1.5785,0.9465,1.55894,6.5402
2025-03-12,EUR,Euro,1.5687,-0.6208,1.56334,5.8788
2025-03-13,EUR,Euro,1.5642,-0.2869,1.56684,5.5751
2025-03-14,EUR,Euro,1.5659,0.1087,1.5682,5.6898
2025-03-17,EUR,Euro,1.5612,-0.3001,1.5677,5.3726
2025-03-18,EUR,Euro,1.5629,0.1089,1.56458,5.4873
2025-03-19,EUR,Euro,1.5603,-0.1664,1.5629,5.3118
2025-01-02,GBP,British Pound,1.7851,,,0.0
2025-01-03,GBP,British Pound,1.793,0.4426,,0.4426
2025-01-06,GBP,British Pound,1.7956,0.145,,0.5882
2025-01-07,GBP,British Pound,1.7931,-0.1392,,0.4482
2025-01-08,GBP,British Pound,1.7772,-0.8867,1.7888,-0.4426
2025-01-09,GBP,British Pound,1.7712,-0.3376,1.78602,-0.7787
2025-01-10,GBP,British Pound,1.7628,-0.4743,1.77998,-1.2492
2025-01-13,GBP,British Pound,1.7523,-0.5956,1.77132,-1.8374
2025-01-14,GBP,British Pound,1.7512,-0.0628,1.76294,-1.8991
2025-01-15,GBP,British Pound,1.7548,0.2056,1.75846,-1.6974
2025-01-16,GBP,British Pound,1.7588,0.2279,1.75598,-1.4733
2025-01-17,GBP,British Pound,1.7584,-0.0227,1.7551,-1.4957
2025-01-20,GBP,British Pound,1.7618,0.1934,1.757,-1.3052
2025-01-21,GBP,British Pound,1.7685,0.3803,1.76046,-0.9299
2025-01-22,GBP,British Pound,1.7714,0.164,1.76378,-0.7675
2025-01-23,GBP,British Pound,1.7738,0.1355,1.76678,-0.633
2025-01-24,GBP,British Pound,1.7873,0.7611,1.77256,0.1232
2025-01-27,GBP,British Pound,1.7956,0.4644,1.77932,0.5882
2025-01-28,GBP,British Pound,1.7897,-0.3286,1.78356,0.2577
2025-01-29,GBP,British Pound,1.7942,0.2514,1.78812,0.5098
2025-01-30,GBP,British Pound,1.7953,0.0613,1.79242,0.5714
2025-01-31,GBP,British Pound,1.7984,0.1727,1.79464,0.7451
2025-02-03,GBP,British Pound,1.8092,0.6005,1.79736,1.3501
2025-02-04,GBP,British Pound,1.7886,-1.1386,1.79714,0.1961
2025-02-05,GBP,British Pound,1.7887,0.0056,1.79604,0.2017
2025-02-06,GBP,British Pound,1.7793,-0.5255,1.79284,-0.3249
2025-02-07,GBP,British Pound,1.7758,-0.1967,1.78832,-0.521
2025-02-10,GBP,British Pound,1.773,-0.1577,1.78108,-0.6778
2025-02-11,GBP,British Pound,1.7766,0.203,1.77868,-0.4762
2025-02-12,GBP,British Pound,1.7777,0.0619,1.77648,-0.4145
2025-02-13,GBP,British Pound,1.7822,0.2531,1.77706,-0.1625
2025-02-14,GBP,British Pound,1.7856,0.1908,1.77902,0.028
2025-02-18,GBP,British Pound,1.7888,0.1792,1.78218,0.2073
2025-02-19,GBP,British Pound,1.7896,0.0447,1.78478,0.2521
2025-02-20,GBP,British Pound,1.7938,0.2347,1.788,0.4874
2025-02-21,GBP,British Pound,1.7959,0.1171,1.79074,0.605
2025-02-24,GBP,British Pound,1.7974,0.0835,1.7931,0.689
2025-02-25,GBP,British Pound,1.8092,0.6565,1.79718,1.3501
2025-02-26,GBP,British Pound,1.8179,0.4809,1.80284,1.8374
2025-02-27,GBP,British Pound,1.821,0.1705,1.80828,2.0111
2025-02-28,GBP,British Pound,1.8177,-0.1812,1.81264,1.8262
2025-03-03,GBP,British Pound,1.8323,0.8032,1.81962,2.6441
2025-03-04,GBP,British Pound,1.8465,0.775,1.82708,3.4396
2025-03-05,GBP,British Pound,1.8489,0.13,1.83328,3.574
2025-03-06,GBP,British Pound,1.8446,-0.2326,1.838,3.3331
2025-03-07,GBP,British Pound,1.856,0.618,1.84566,3.9718
2025-03-10,GBP,British Pound,1.8619,0.3179,1.85158,4.3023
2025-03-11,GBP,British Pound,1.8704,0.4565,1.85636,4.7784
2025-03-12,GBP,British Pound,1.8649,-0.2941,1.85956,4.4703
2025-03-13,GBP,British Pound,1.8651,0.0107,1.86366,4.4815
2025-03-14,GBP,British Pound,1.8605,-0.2466,1.86456,4.2239
2025-03-17,GBP,British Pound,1.8573,-0.172,1.86364,4.0446
2025-03-18,GBP,British Pound,1.8571,-0.0108,1.86098,4.0334
2025-03-19,GBP,British Pound,1.8587,0.0862,1.85974,4.123
2025-01-02,JPY,Japanese Yen,0.00916,,,0.0
2025-01-03,JPY,Japanese Yen,0.00919,0.3275,,0.3275
2025-01-06,JPY,Japanese Yen,0.00912,-0.7617,,-0.4367
2025-01-07,JPY,Japanese Yen,0.00909,-0.3289,,-0.7642
2025-01-08,JPY,Japanese Yen,0.00909,0.0,0.00913,-0.7642
2025-01-09,JPY,Japanese Yen,0.00911,0.22,0.00912,-0.5459
2025-01-10,JPY,Japanese Yen,0.00913,0.2195,0.009108,-0.3275
2025-01-13,JPY,Japanese Yen,0.00915,0.2191,0.009114,-0.1092
2025-01-14,JPY,Japanese Yen,0.0091,-0.5464,0.009116,-0.655
2025-01-15,JPY,Japanese Yen,0.00916,0.6593,0.00913,0.0
2025-01-16,JPY,Japanese Yen,0.00925,0.9825,0.009158,0.9825
2025-01-17,JPY,Japanese Yen,0.00925,0.0,0.009182,0.9825
2025-01-20,JPY,Japanese Yen,0.0092,-0.5405,0.009192,0.4367
2025-01-21,JPY,Japanese Yen,0.00924,0.4348,0.00922,0.8734
2025-01-22,JPY,Japanese Yen,0.00919,-0.5411,0.009226,0.3275
2025-01-23,JPY,Japanese Yen,0.00921,0.2176,0.009218,0.5459
2025-01-24,JPY,Japanese Yen,0.00919,-0.2172,0.009206,0.3275
2025-01-27,JPY,Japanese Yen,0.00931,1.3058,0.009228,1.6376
2025-01-28,JPY,Japanese Yen,0.00925,-0.6445,0.00923,0.9825
2025-01-29,JPY,Japanese Yen,0.0093,0.5405,0.009252,1.5284
2025-01-30,JPY,Japanese Yen,0.00935,0.5376,0.00928,2.0742
2025-01-31,JPY,Japanese Yen,0.00935,0.0,0.009312,2.0742
2025-02-03,JPY,Japanese Yen,0.00944,0.9626,0.009338,3.0568
2025-02-04,JPY,Japanese Yen,0.00928,-1.6949,0.009344,1.31
2025-02-05,JPY,Japanese Yen,0.00937,0.9698,0.009358,2.2926
2025-02-06,JPY,Japanese Yen,0.00943,0.6403,0.009374,2.9476
2025-02-07,JPY,Japanese Yen,0.00943,0.0,0.00939,2.9476
2025-02-10,JPY,Japanese Yen,0.00943,0.0,0.009388,2.9476
2025-02-11,JPY,Japanese Yen,0.00939,-0.4242,0.00941,2.5109
2025-02-12,JPY,Japanese Yen,0.00926,-1.3845,0.009388,1.0917
2025-02-13,JPY,Japanese Yen,0.00929,0.324,0.00936,1.4192
2025-02-14,JPY,Japanese Yen,0.0093,0.1076,0.009334,1.5284
2025-02-18,JPY,Japanese Yen,0.00935,0.5376,0.009318,2.0742
2025-02-19,JPY,Japanese Yen,0.00938,0.3209,0.009316,2.4017
2025-02-20,JPY,Japanese Yen,0.00948,1.0661,0.00936,3.4934
2025-02-21,JPY,Japanese Yen,0.0095,0.211,0.009402,3.7118
2025-02-24,JPY,Japanese Yen,0.00951,0.1053,0.009444,3.821
2025-02-25,JPY,Japanese Yen,0.00958,0.7361,0.00949,4.5852
2025-02-26,JPY,Japanese Yen,0.00961,0.3132,0.009536,4.9127
2025-02-27,JPY,Japanese Yen,0.00962,0.1041,0.009564,5.0218
2025-02-28,JPY,Japanese Yen,0.00959,-0.3119,0.009582,4.6943
2025-03-03,JPY,Japanese Yen,0.0096,0.1043,0.0096,4.8035
2025-03-04,JPY,Japanese Yen,0.00974,1.4583,0.009632,6.3319
2025-03-05,JPY,Japanese Yen,0.00965,-0.924,0.00964,5.3493
2025-03-06,JPY,Japanese Yen,0.00968,0.3109,0.009652,5.6769
2025-03-07,JPY,Japanese Yen,0.00973,0.5165,0.00968,6.2227
2025-03-10,JPY,Japanese Yen,0.00981,0.8222,0.009722,7.0961
2025-03-11,JPY,Japanese Yen,0.00979,-0.2039,0.009732,6.8777
2025-03-12,JPY,Japanese Yen,0.00969,-1.0215,0.00974,5.786
2025-03-13,JPY,Japanese Yen,0.00975,0.6192,0.009754,6.441
2025-03-14,JPY,Japanese Yen,0.00969,-0.6154,0.009746,5.786
2025-03-17,JPY,Japanese Yen,0.00961,-0.8256,0.009706,4.9127
2025-03-18,JPY,Japanese Yen,0.00957,-0.4162,0.009662,4.476
2025-03-19,JPY,Japanese Yen,0.00957,0.0,0.009638,4.476
2025-01-02,KRW,South Korean Won,0.00098,,,0.0
2025-01-03,KRW,South Korean Won,0.000982,0.2041,,0.2041
2025-01-06,KRW,South Korean Won,0.000982,0.0,,0.2041
2025-01-07,KRW,South Korean Won,0.000987,0.5092,,0.7143
2025-01-08,KRW,South Korean Won,0.000985,-0.2026,0.000983,0.5102
2025-01-09,KRW,South Korean Won,0.000986,0.1015,0.000984,0.6122
2025-01-10,KRW,South Korean Won,0.000979,-0.7099,0.000984,-0.102
2025-01-13,KRW,South Korean Won,0.000982,0.3064,0.000984,0.2041
2025-01-14,KRW,South Korean Won,0.000984,0.2037,0.000983,0.4082
2025-01-15,KRW,South Korean Won,0.000985,0.1016,0.000983,0.5102
2025-01-16,KRW,South Korean Won,0.000987,0.203,0.000983,0.7143
2025-01-17,KRW,South Korean Won,0.00099,0.304,0.000986,1.0204
2025-01-20,KRW,South Korean Won,0.000995,0.5051,0.000988,1.5306
2025-01-21,KRW,South Korean Won,0.001,0.5025,0.000991,2.0408
2025-01-22,KRW,South Korean Won,0.001001,0.1,0.000995,2.1429
2025-01-23,KRW,South Korean Won,0.001001,0.0,0.000997,2.1429
2025-01-24,KRW,South Korean Won,0.001002,0.0999,0.001,2.2449
2025-01-27,KRW,South Korean Won,0.001003,0.0998,0.001001,2.3469
2025-01-28,KRW,South Korean Won,0.000995,-0.7976,0.001,1.5306
2025-01-29,KRW,South Korean Won,0.001,0.5025,0.001,2.0408
2025-01-30,KRW,South Korean Won,0.001,0.0,0.001,2.0408
2025-01-31,KRW,South Korean Won,0.000996,-0.4,0.000999,1.6327
2025-02-03,KRW,South Korean Won,0.000999,0.3012,0.000998,1.9388
2025-02-04,KRW,South Korean Won,0.000988,-1.1011,0.000997,0.8163
2025-02-05,KRW,South Korean Won,0.00099,0.2024,0.000995,1.0204
2025-02-06,KRW,South Korean Won,0.00099,0.0,0.000993,1.0204
2025-02-07,KRW,South Korean Won,0.000984,-0.6061,0.00099,0.4082
2025-02-10,KRW,South Korean Won,0.000987,0.3049,0.000988,0.7143
2025-02-11,KRW,South Korean Won,0.000985,-0.2026,0.000987,0.5102
2025-02-12,KRW,South Korean Won,0.000983,-0.203,0.000986,0.3061
2025-02-13,KRW,South Korean Won,0.000983,0.0,0.000984,0.3061
2025-02-14,KRW,South Korean Won,0.000984,0.1017,0.000984,0.4082
2025-02-18,KRW,South Korean Won,0.000985,0.1016,0.000984,0.5102
2025-02-19,KRW,South Korean Won,0.000987,0.203,0.000984,0.7143
2025-02-20,KRW,South Korean Won,0.000989,0.2026,0.000986,0.9184
2025-02-21,KRW,South Korean Won,0.000991,0.2022,0.000987,1.1224
2025-02-24,KRW,South Korean Won,0.000995,0.4036,0.000989,1.5306
2025-02-25,KRW,South Korean Won,0.000997,0.201,0.000992,1.7347
2025-02-26,KRW,South Korean Won,0.001,0.3009,0.000994,2.0408
2025-02-27,KRW,South Korean Won,0.000996,-0.4,0.000996,1.6327
2025-02-28,KRW,South Korean Won,0.000988,-0.8032,0.000995,0.8163
2025-03-03,KRW,South Korean Won,0.00099,0.2024,0.000994,1.0204
2025-03-04,KRW,South Korean Won,0.000994,0.404,0.000994,1.4286
2025-03-05,KRW,South Korean Won,0.000994,0.0,0.000992,1.4286
2025-03-06,KRW,South Korean Won,0.000989,-0.503,0.000991,0.9184
2025-03-07,KRW,South Korean Won,0.000992,0.3033,0.000992,1.2245
2025-03-10,KRW,South Korean Won,0.000991,-0.1008,0.000992,1.1224
2025-03-11,KRW,South Korean Won,0.000994,0.3027,0.000992,1.4286
2025-03-12,KRW,South Korean Won,0.000991,-0.3018,0.000991,1.1224
2025-03-13,KRW,South Korean Won,0.00099,-0.1009,0.000992,1.0204
2025-03-14,KRW,South Korean Won,0.00099,0.0,0.000991,1.0204
2025-03-17,KRW,South Korean Won,0.00099,0.0,0.000991,1.0204
2025-03-18,KRW,South Korean Won,0.000985,-0.5051,0.000989,0.5102
2025-03-19,KRW,South Korean Won,0.000981,-0.4061,0.000987,0.102
